Subreddit,Post Title,Post Score,Comment,Comment Author,Comment Score,Created,Keyword,Sentiment,Parent Author
democrats,"‚ÄúWe must face the reality. We must use the real words. After Saturday‚Äôs rally, the modified Sieg Heil, the music, the QAnon madness ‚Ä¶ Trump IS America‚Äôs Hitler,‚Äù",1477,"*‚ÄúWe must face the reality. We must usethe real words. After Saturday‚Äôs rally, the modified Sieg Heil, themusic, the QAnon madness ‚Ä¶* ***Trump IS America‚Äôs Hitler,****‚Äù*

(Keith Olbermann)

[https://www.theguardian.com/us-news/2022/sep/19/trump-qanon-song-rally-video-ohio-vance](https://www.theguardian.com/us-news/2022/sep/19/trump-qanon-song-rally-video-ohio-vance)

&#x200B;

I would argue he's worse! Atleast Hitler was a soldier and a painter and lived in a failed economy with genuine poverty , persecution and lack of anything post ww1.  

The German people were suffering which lead them to extremes. Hitler took advantage of that and  atleast on some level believed he was making a better Germany.  

BUT I cannot say I believe Trump wants a better America.   Trump the draft dodger whose not a starving artist but a billionaire!  And America is one of the riches nations on earth!  

So Hitler was about as bad as you can be but Trump is somehow so much worse as he has no excuse.  But like Hitler, Trump will fail! Two losers together in hell.

**Edit:** *I'll add to this Fox news is clearly Trump's propaganda arm (or was) and all too similar to Hitler's radio division. And I guess that would make Tucker Carlson a modern day Goebbels?*",ilivedownyourroad,20,2022-09-19 18:36:21,QAnon,-0.03639705882352941,ilivedownyourroad
democrats,"‚ÄúWe must face the reality. We must use the real words. After Saturday‚Äôs rally, the modified Sieg Heil, the music, the QAnon madness ‚Ä¶ Trump IS America‚Äôs Hitler,‚Äù",1477,"For the first time in known history trump played the Qanon anthem at his rally which resulted in this Q salute.  **Think about that**.

They went silent and prayed to trump and saluted Q as trump played the anthem..and said he was one of them etc.",ilivedownyourroad,4,2022-09-19 18:36:21,QAnon,0.125,Bedivere17
democrats,"‚ÄúWe must face the reality. We must use the real words. After Saturday‚Äôs rally, the modified Sieg Heil, the music, the QAnon madness ‚Ä¶ Trump IS America‚Äôs Hitler,‚Äù",1477,"I see. Thats scary.

Didnt know there was a qanon anthem tho.",Bedivere17,1,2022-09-19 18:36:21,QAnon,-0.5,ilivedownyourroad
democrats,"‚ÄúWe must face the reality. We must use the real words. After Saturday‚Äôs rally, the modified Sieg Heil, the music, the QAnon madness ‚Ä¶ Trump IS America‚Äôs Hitler,‚Äù",1477,"Important to say what we don't want to say aloud. 

Trump is America's Hitler. He's not hilter. He's maybe not as bad (yet) but with covids 6.5 million deaths on his watch and Qanon and the insurrection. At what point do we accept the facts infront of our eyes.

We can play semantics over whose ""more"" evil but the fact that we are even doing that...is a huge problem when discussing a former and future potential President (and current party leader) in this context",ilivedownyourroad,1,2022-09-19 18:36:21,QAnon,-0.04444444444444442,Hero_of_Parnast
democrats,This is so hard to watch. ,2077,It is QAnon garbage.,Gutmach1960,58,2024-09-10 21:27:18,QAnon,0.0,Creative_Knowledge75
democrats,This is so hard to watch. ,2077,"I think she‚Äôll win, maybe by a lot, but Trump, SCOTUS, Russian and other influences won‚Äôt stop there as we know so the aftermath after the votes are counted is where all the drama (again, sigh) will be.  He‚Äôs already setting the stage for it and election fraud and blah blah blah - we‚Äôve seen this all before but this administration will handle it much better and be prepared.",ParadiddlediddleSaaS,27,2024-09-10 21:27:18,QAnon,0.29375,nolongerbanned99
democrats,Former US Attorney Jessica Aber found dead in Virginia at 43,1657,"Do NOT spread fear-mongering conspiracy BS. She had a medical condition, it was not an assassination. Let‚Äôs not be QAnoners.",Hero-Firefighter-24,1,2025-03-22 21:25:14,QAnon,0.0,Infamous-Echo-3949
democrats,Newly Freed ‚ÄòQAnon Shaman‚Äô Is Already Back on His Bullsh*t,350,">In his first post back, Chansley uploaded a computer-generated image of himself howling in the back of a police car‚Äîwhile wearing his namesake headdress and red, white and blue face paint. The caption was just one word: ‚ÄúFREEDOM!!!‚Äù

...aw, c'mon, Uebelacker: you can't begrudge the guy that one.

**EDIT:**

>‚ÄúI have no animosity or hatred towards the United States federal government,‚Äù Chansley said. ‚ÄúAnd I have forgiven my captors, and I pray for them.‚Äù...

>But the latter, darker half of Chansley‚Äôs video contained several veiled references to his continuing quest for ‚Äúthe truth‚Äù‚Äîand an ongoing fight against ‚Äúglobal corruption‚Äù that echoes the language of conspiracy theories like QAnon...

>Chansley didn‚Äôt mention Donald Trump, Jan. 6, or the 2020 election directly in the video, but he touched on ‚Äúobvious‚Äù signs of international corruption.

C'mon, Erik‚Äîwhat'd you expect?  Do we have to hold a grudge with guys like him until they stop getting taken in by dumb conspiracy theories?  Bc I'm not sure I have that much energy.",capsaicinintheeyes,1,2023-05-27 00:23:40,QAnon,-0.015104166666666665,Free_Swimming
democrats,"RFK Jr. says Deep State ‚Äòis real,‚Äô called FDA employees ‚Äòsock puppet‚Äô of industry",78,"Q from QAnon said the Deep State was a cabal of pedos who existed for one reason and one reason only--to destroy Trump.  MAGA believes the Deep State is everyone who is not them.  Trump believes the Deep State is everyone who is not him and his immediate family. For a couple of decades the Heritage Foundation believed the Deep State are the unelected bureaucrats.

How come none of these people ever think that maybe they are the Deep State?

As an aside, going back a few decades, the far-left believed the Deep State was the corporations that really controlled government, or the Illuminati, One World Order, etc.  At least the far-left's concept was more believable.

There is some truth to RFK, Jr's comments here --business has been in the habit of wrapping itself around what-ever Fed Agency or Office it has direct ties to.  Kinda funny, though, considering who Trump currently has in his Administration.  I guess it is not the Deep State when it is out in the open?

Also, when RFK, Jr. was a kid, practically no-one was diagnosed with autism.  Back then, they just got labeled a problem child and sent off to boarding school, disciplined, etc. There is some talk these days about why so many children are now being diagnosed with some attributing it to better diagnostic tools and others saying that it is too easy these days and many are being diagnosed who otherwise should not be.

His comments about environmental toxins are kinda bizarre.  Not that they are wrong, but that they, along with other things that he says, goes counter to what Trump and his Admin are currently doing.  But also, he hasn't been doing much himself to clean the air and water.  I am pretty sure that Trump only tapped him because of his anti-vaxx stance as it is a middle finger to Dr. Fauci.",crucial_geek,11,2025-04-14 20:23:35,deep state,0.11742424242424243,Nerd-19958
democrats,"RFK Jr. says Deep State ‚Äòis real,‚Äô called FDA employees ‚Äòsock puppet‚Äô of industry",78,An interesting 2019 view of the origin of the  [deep state concept.](https://www.thoughtco.com/deep-state-definition-4142030),HippyGrrrl,2,2025-04-14 20:23:35,deep state,0.25,Nerd-19958
democrats,"RFK Jr. says Deep State ‚Äòis real,‚Äô called FDA employees ‚Äòsock puppet‚Äô of industry",78,You're a Kennedy! You are rhe deep state!,Rosebunse,1,2025-04-14 20:23:35,deep state,0.0,Nerd-19958
democrats,"RFK Jr. says Deep State ‚Äòis real,‚Äô called FDA employees ‚Äòsock puppet‚Äô of industry",78,Trump could have addressed the ‚Äúdeep state‚Äù in his first term but didn‚Äôt because it doesn‚Äôt exist. Playing the victim card as usual,Kind-City-2173,1,2025-04-14 20:23:35,deep state,-0.018750000000000003,Nerd-19958
democrats,"RFK Jr. says Deep State ‚Äòis real,‚Äô called FDA employees ‚Äòsock puppet‚Äô of industry",78,"In some ways the ""deep state"" is similar to what was called ""The Establishment"" in the 1960s and 1970s, but from a different side of the political spectrum.",Nerd-19958,1,2025-04-14 20:23:35,deep state,0.0,HippyGrrrl
democrats,Was hard for me to find the list of people Kash Patel included in his book ‚ÄúGovernment Gangsters‚Äù as Deep State officials who need to be targeted so here it is in one place.,84,"damn, bro found the totally real ""deep state registry list""",sndtrb89,16,2024-12-02 14:25:37,deep state,0.0,Nice_Substance9123
democrats,Was hard for me to find the list of people Kash Patel included in his book ‚ÄúGovernment Gangsters‚Äù as Deep State officials who need to be targeted so here it is in one place.,84,"So Trump accidentally appointed over half of the Deep State to his first administration lmfao he's either one of them or absolutely powerless to them according to this logic. 

That's the problem with all of these ""conspiracy against Trump"" narratives from the impeachments to the 2020 election - in every one of their stories Trump is portrayed to be the weak and frail victim without any agency of his own, regardless of whether he's a private citizen or the fucking President. A strong leader wouldn't constantly be getting pushed around like this by the people he hires. 

They're always dancing around the fact that Trump had no clue what he's supposed to be doing for most of his time in office. It's always his hires undermining him or the Democrats persecuting him. All things he apparently couldn't overcome. He'll be just as ineffective as he was in his first term.",TheMemeStar24,2,2024-12-02 14:25:37,deep state,0.026190476190476184,Nice_Substance9123
democrats,Trump admits to election fraud?,1863,He made discussing election fraud taboo then used it to win?,dewlitz,30,2025-01-19 21:24:28,election fraud,0.8,LibrarySoggy3640
democrats,Trump admits to election fraud?,1863,I sure hope some deep state FBI agents are quietly looking into this...,ChiliDogYumZappupe,1,2025-01-19 21:24:28,election fraud,0.16666666666666666,LibrarySoggy3640
democrats,Trump admits to election fraud?,1863,"Ok, say he did steal the election. What does that make Biden and Kamala to you?

2.5 months to find any substance of possible election fraud, and they just decided to accept the results? I'd have a harder time believing that, unless they are just plain stupid. 

It would be great if there was any evidence to these theories, and by evidence, I don't count what a delusional demented rapist decides to say to his clown show of supporters.",TheOlNumber9,3,2025-01-19 21:24:28,election fraud,0.03095238095238097,ZenTrying
democrats,Trump admits to election fraud?,1863,the same election he literally was proven to committ election fraud in. aint it crazy.,SapToFiction,1,2025-01-19 21:24:28,election fraud,-0.3,Aardhart
democrats,Trump admits to election fraud?,1863,"If that happened, Would conservatives ever accept that he wasn't poisoned  by the deep state or some crazy ass shit?",RyeBourbonWheat,1,2025-01-19 21:24:28,election fraud,-0.26666666666666666,meatsmoothie82
democrats,Trump admits to election fraud?,1863,SCOTUS plus hundreds of Lower court judges and the fact that MAGA now controls every major social media outlet. The democratic party is dead- it‚Äôs going to take a long time for a new movement to claw back any semblance of control. (I purposely omitted all mention of corruption or election fraud enabled by the current unchecked power of MAGA)¬†,meatsmoothie82,1,2025-01-19 21:24:28,election fraud,-0.0025432900432900457,RyeBourbonWheat
democrats,"What happened to election fraud? Trump, GOP go quiet on claims after win",677,Its clear that all of the rubbish about election fraud is just another duplicitous tool wielded by the republican party and their foreign benefactors.,jpcapone,37,2024-11-10 14:57:28,election fraud,-0.01249999999999999,jpcapone
democrats,How can we help uncover election fraud?,358,As much as I would love there to be election fraud I just don't think there is anything to it.,bazilbt,-7,2025-02-01 08:57:40,election fraud,0.35,austinmo2
democrats,How can we help uncover election fraud?,358,I have been told the FBI is the Federal Organization that take care of election fraud‚Ä¶,SAGELADY65,0,2025-02-01 08:57:40,election fraud,0.0,austinmo2
democrats,How can we help uncover election fraud?,358,"Not appreciated by you? Don‚Äôt speak for everyone.

If there was concrete evidence of election fraud, Democratic leadership should have announced it after the results of the election, not after the inauguration of our next president. It should be their responsibility to fight and oppose cheaters, not leaving it up to internet sleuth conspiracy theorists.",19southmainco,0,2025-02-01 08:57:40,election fraud,0.016666666666666673,LilFaeryQueen
democrats,MAGA Lawmaker Now Under Investigation for Claiming Buffalo Shooting Was False Flag,469,MAGA was a false flag for being a patriot.,keaco,15,2022-05-17 13:04:04,false flag,-0.4000000000000001,Souled_Out
democrats,MAGA Lawmaker Now Under Investigation for Claiming Buffalo Shooting Was False Flag,469,"Its taking the phrase ""hot girl summer"" and using it to say that federal agents have started a false flag campaign this summer.

Roger's is trying to use a poplar phrase to emphasis the idea of government agents killing civilians to change public narrative.",matttech88,12,2022-05-17 13:04:04,false flag,-0.050000000000000024,ufo_senshi_diapolon
democrats,MAGA Lawmaker Now Under Investigation for Claiming Buffalo Shooting Was False Flag,469,"Okay, that makes sense. Thanks for the explanation. 

The ""false flag"" excuse is so easily debunked, yet it's trotted out by the MAGA base time after time.",ufo_senshi_diapolon,8,2022-05-17 13:04:04,false flag,-0.01944444444444447,matttech88
democrats,"Newsmax staffer suggests delta variant is false flag during White House press briefing, is very confused about how science works",19,"It‚Äôs a dumb question but nowhere did I read the reporter insinuate that delta is a false flag attack. It seems like he (Newsmax reporter) just doesn‚Äôt know that some of the samples are sent for genetic testing and that‚Äôs the data that the CDC uses to determine what the dominant strain is. It‚Äôs silly because that‚Äôs such an easily answerable question. My guess is that Karine Jean-Pierre was caught off guard with how basic a question it was. Newsmax guy is dumb, but he‚Äôs not calling it a false flag attack.

Full disclosure, I didn‚Äôt watch the video. I‚Äôm just going off the article, so if he said more stupidity in the video I can‚Äôt tell. It won‚Äôt load on my browser for some reason.",kbeks,1,2021-07-30 19:13:09,false flag,-0.12424242424242428,Reallynoreallyno
democrats,CNN to Trump: You incited this,1489,"Numerous pipe bombs have been sent to leaders of the Democratic Party and vocal critics of the President. The Obamas, Clintons, Joe Biden, Kamala Harris, Maxine Waters, George Soros, Robert De Niro, and John Brennan (care of CNN) were all the targets of a attempted assassination. This list easily reads as a political hit list of the President‚Äôs favorite enemies, a President that celebrates violence and encourages the hateful rhetoric of modern politics. While many politicians in the past have played on our differences, dividing Americans, Trump has enflamed those divisions for political gain.

During campaign rallies, he routinely encouraged violence against protestors - even offering to pay the legal fees (he didn‚Äôt end up paying). Trump ‚Äújoked‚Äù about 2nd Amendment solutions should Clinton win After the election, he defended the white supremacists in Charlottesville that not only beat counter protestors with sticks, bats and shields but also murdered a woman by driving a car into the crowd. During these midterm rallies, he has attacked Democrats an a angry mob that will use violence if they win back Congress (which makes no sense whatsoever, but that‚Äôs who he is). He still leads chants of lock her up, though exactly who and for what isn‚Äôt exactly clear other than political opponents (Ted Cruz also got into this by saying that his opponent Beto O‚ÄôRourke should be jailed, I guess for running against him). And just last week he celebrated a Republican representative that plead guilty to assaulting a reporter that simply asked the candidate their position on repealing the ACA. Celebrated him as an American journalist was murdered by the Saudis (who only made the Saudi enemies list when he criticized Trump). As he calls the press the enemy of the people, encouraging despots around the world to imprison and murder journalists without American retribution.

I am clearly not saying that Trump built and sent these bombs. That is the fault entirely of the bomber. But this political environment is entirely the fault of President Trump. Well, Trump and the people that support him. It is no coincidence that racists chant Trump‚Äôs name as a they harass people of a darker hue as it elicits a strong feeling of pride in the white supremacists amongst us. And I don‚Äôt just mean the frothing MAGA-hat-wearers who cheered on his celebrations of violence in real time. Republican politicians either completely ignored or mildly rebuked his rhetoric while completely caved to his hate to win an election. It‚Äôs also the fault of all of those that voted for him. You had a chance to show him and other hate mongers, that incitement of political violence remains unacceptable in America and you failed spectacularly. He faced no electoral punishment for his behaviors and you rewarded with an unexpected victory.

Yesterday, as events unfolded, the President meekly read from a statement prepared by his staff. He did not stand with the former Presidents that had been targeted. But he read, the absolute minimal statement he needed to. And that lasted for less than a day. As political opponents received more packages, he went back to the campaign trail. While he did not aggressively attack as he normally did, he did demonstrate that he doesn‚Äôt care. He mocked the idea of his own statement- saying he can be good for awhile. Then this morning he attacked the mainstream media for this situation. Because reporting on Trump‚Äôs hateful rhetoric is their fault, for repeating his words and actions. The Press Secretary (who no longer holds daily press briefings) said that it was CNN‚Äôs fault for receiving a bomb at their office.

Trump and the Republicans will not unify the country. The entire Republican platform is about fear and hate. They want to encourage the haters to get out to vote. Those that hate blacks, hate Hispanics, hate Muslims, hate immigrants, hate gays, hate trans people, hate liberals and so on. They have always done this. But now their leader actively encourages the violence that follows. Hate crimes surged in 2017 against Jews and Muslims as the White House said nothing. White supremacists feel entitled to march in the streets, even starting a brawl last week in NYC. The President says nothing, and in fact purposefully describes himself as a nationalist (exactly what those people want).

The President and his party will not change. But we can change them. We are a week away from the end of the midterm election - voting is going on right now. You can vote to support the hate and violence further emboldening Trump. Or you can condemn it by voting for the Democrats. I think the choice is simple. We are all Americans. We are not enemies. We may be opponents for sure, but we are not enemies. And we should not reward the political party that doesn't seem to understand this.",deaconheel,9,2018-10-25 07:39:33,false flag,-0.025334821428571408,progress18
democrats,CNN to Trump: You incited this,1489,"Because the shooting is the shooting, it‚Äôs clearly politically motivated so that‚Äôs one. Gabby Giffords, the pizza gate guy, every abortion clinic bombing/shooting, George Tiller, Charlottesville, Oklahoma City, etc. etc. No one can deny these incidents but looking up the voter registration when the motive is clearly just two cunts that got into it over neighborhood bullshit is a false equivalency. ",greenflash1775,7,2018-10-25 07:39:33,false flag,-0.10000000000000002,memultipletimes
democrats,CNN to Trump: You incited this,1489,"Oh, you have a 'friend' that is an explosives expert! I see, so he's involved in the investigation? How else did he get access to these devices, how does he know so much about the inner workings of the investigation? It's almost as though you are completely full of shit

I can't find any sources that say the bombs can't be detonated. I did see that there was an ISIS sticker on one and some of the names were incorrectly spelled on the addresses. The bomb material is real, as is the detonator.

None of them went off, which would suggests to me an amateur built the bombs and was dumb enough to think a sticker would throw off the investigation in case one of them was intercepted. That's complete conjecture, but it comes from my friend who is a counter terrorism expert and former CIA director so take it for what it is (/s).

Seriously, where did you see this 'numerous debunking'? r/The_Donald? Youtube? The proud boys facebook page? Did another one of your 'friends' tell you this?

Obama was sent ricin, twice. Were those false flag operations as well?

Edit: The AP reports the man charged with the crime is a MAGA hat wearing, Alt-Right troll with an extensive criminal record and a van covered in anti liberal propaganda and conspiracy theories.",chuc16,1,2018-10-25 07:39:33,false flag,-0.024019607843137253,kekistanipoland
democrats,"""This fully weaponized Monster, Jack Smith"" üôÉ",628,"Are you kidding me? This is all a pelart if his agenda.  He is doing this to continue his fight against the cabal.  He will let them all see, when the public executions of democrats and Hollywood elites start.  /s

Source: my dad.",Smelly-taint,25,2022-11-28 19:39:36,cabal,0.0,wangchungafternoon
democrats,"""This fully weaponized Monster, Jack Smith"" üôÉ",628,The cabal is tired.,PubicGalaxies,3,2022-11-28 19:39:36,cabal,-0.4,Smelly-taint
democrats,morning in MAGAville,190,"Couldn‚Äôt resist adding part of ‚Äúthe deep state‚Äù article from the Blaze- of course it was about Hillary, Harris, Biden being relieved of security clearances.

The silos of MAGAville are insulated from reality. I can‚Äôt speak for everyone here, but my go to sources are typically NPR, BBC, AP, Reuters, Telegraph, The Guardian, the bulwark, WSJ, a range of sources in the EU (DeutschWorld, France24 etc). Once in a while I may hit the usual suspects on the networks. 

The viewers of these NetWrecks are clearly being spoonfed star spangled trump pap.",mole_that_got_whackd,36,2025-03-27 11:02:22,new world order,-0.07916666666666665,mole_that_got_whackd
democrats,"It's becoming clear the rest of my life, and probably the rest of my toddler's life, this is how it'll be. Every time democrats win, it's instantly a stolen election.",599,"For what it may be worth, the 'elections are rigged / stolen"" narrative is not new and goes back decades.

The only difference is that it used to be something from the far-left back in the day.

But, this idea that the only way Dems can take back at least the House is through 'sketchy stuff' is pure nonsense.  Here is the thing -- this group of people have a term for it, 'Trump Degrangment Syndrome', this group of people believe that there is an entire swatch of society who are brainwashed by the left wing MSM machine, billionaires, etc., and of course the regular old run of the mill Dems, and so on .... that there is not enough of them to actually, legit, vote in Dems?  I mean, they believe they are the handful of selected soldiers who are tasked with defending Trump at all costs, and by their own estimates should be outnumbered, but ... if they lose then it is only because of stolen elections?",crucial_geek,1,2025-03-27 18:12:15,stolen election,0.02964466089466089,unfinishedtoast3
democrats,"It's becoming clear the rest of my life, and probably the rest of my toddler's life, this is how it'll be. Every time democrats win, it's instantly a stolen election.",599,"Don't worry.....every time a republican wins, the GOP will also claim its a stolen election.",Numerous_Photograph9,1,2025-03-27 18:12:15,stolen election,0.3,unfinishedtoast3
democrats,Who knew Pizzagate was actually in Mar-A-Lago?,2021,We should have known the party of projection claiming Qanon meant that they themselves were the perpetrators.,production-values,3,2021-05-23 11:11:47,pizzagate,0.0,raistlin65
democrats,Who knew Pizzagate was actually in Mar-A-Lago?,2021,QAnon knew. That's why they tried so damn hard to deflect,NeighborhoodVeteran,2,2021-05-23 11:11:47,pizzagate,-0.2916666666666667,raistlin65
democrats,Who knew Pizzagate was actually in Mar-A-Lago?,2021,"What weirds me out, is my friend was talking about pizzagate and all this stuff since 2015 and I would call him a conspiracy theorist.. Now I listen to everything he talks about.",AcanthocephalaOk9507,1,2021-05-23 11:11:47,pizzagate,0.0,raistlin65
democrats,Stop letting them get away with it.,1649,Pizzagate!,floofnstuff,3,2024-12-10 22:45:58,pizzagate,0.0,1Rab
democrats,Pizzagate is a lie. But what it says about our society is real. Americans who believe fake news aren‚Äôt duped - they willingly decide to accept whatever outrageous story fits their bias and hatred | Ijeoma Oluo,218,"Genuinely asking, why is pizzagate a hoax? ",alexgduarte,3,2016-12-06 06:48:18,pizzagate,0.4,AonghusMacKilkenny
democrats,Pizzagate is a lie. But what it says about our society is real. Americans who believe fake news aren‚Äôt duped - they willingly decide to accept whatever outrageous story fits their bias and hatred | Ijeoma Oluo,218,If pizza gate is untrue I would like to know why they were using code words. I think that's a fair question.,rockwellj,-5,2016-12-06 06:48:18,pizzagate,0.7,AonghusMacKilkenny
democrats,Found this on Instagram,1021,AND PIZZA GATE !!??,Ali_knows,6,2022-11-19 13:00:00,pizza gate,0.0,virg1119
democrats,PizzaGate Shooter Read Alex Jones. Here Are Some Other Fans Who Perpetuated Violent Acts. - The shooters shared an appetite for similar political news & opinions.,39,Too bad Alex Jones actually says Pizza Gate is a false flag https://www.youtube.com/watch?v=pA65Upo_AEM ,sushiking1223,1,2016-12-12 07:27:11,pizza gate,-0.36666666666666664,anutensil
democrats,Here is a crazy idea that is a tldr but do read:),8,"No sane person believes Pizzagate. But it need not be your concern anyway. All we have to do is make sure every one of our friends and allies registers and votes. If we vote, we win. It's that simple.

Beyond that, Trump already has every Pizzagate voter‚Äîevery possible one. So cut yourself off from the toxic stew you want to defend against. It's maddening but completely unnecessary.",JimmyZuma,2,2020-05-01 13:41:38,pizza gate,0.18,Temptressvegan
democrats,"Alex Jones flees to Vimeo, is immediately banned there as well",1689,"He‚Äôs deleting his own accounts for press, FALSE FLAG, ALEX JONES IS A CRISIS ACTOR",UncleBojangle,353,2018-08-13 11:46:48,globalist,0.09999999999999995,wenchette
democrats,"Alex Jones flees to Vimeo, is immediately banned there as well",1689,"FINALLY, SOMEONE HERE UNDERSTANDS THE GLOBALIST BABY-MURDERING CONSPIRACY THAT WE'RE DEALING WITH.

**r/Alex_Jonestown**",zelda-go-go,104,2018-08-13 11:46:48,globalist,0.0,UncleBojangle
democrats,"Alex Jones flees to Vimeo, is immediately banned there as well",1689,Globalist lizardman. ,jarek99,18,2018-08-13 11:46:48,globalist,0.0,zelda-go-go
democrats,"Biden awards Medal of Freedom to Hillary Clinton, Soros, Messi and 16 others",814,People foaming at the mouth about Soros cheer Musk as he buys the country. There‚Äôs no fixing stupid.,AncientScratch1670,219,2025-01-04 08:22:37,soros,-0.7999999999999999,LolAtAllOfThis
democrats,"Biden awards Medal of Freedom to Hillary Clinton, Soros, Messi and 16 others",814,Not sure why he's giving Soros a medal. The deep state really dropped the ball on this electionüôÑ,Wird2TheBird3,109,2025-01-04 08:22:37,soros,-0.016666666666666663,LolAtAllOfThis
democrats,"Biden awards Medal of Freedom to Hillary Clinton, Soros, Messi and 16 others",814,I know. As soon as I saw Soros' name.... the meltdown is going to be so fun.,alone0nmarz,43,2025-01-04 08:22:37,soros,0.3,AncientScratch1670
democrats,"Biden awards Medal of Freedom to Hillary Clinton, Soros, Messi and 16 others",814,We‚Äôre about to see the real deep state do its thing.,Christ_on_a_Crakker,8,2025-01-04 08:22:37,soros,0.0,Wird2TheBird3
democrats,Who kissed the Ring?,3210,"But, but , but‚Ä¶.Soros/s",Affectionate-Roof285,2,2025-01-05 14:59:27,soros,0.0,mgyro
democrats,"New George Soros-backed, Democratic PAC aims to turn Texas blue",417,"According to the GOPers, Soros still owes me for my votes in '08, '12, '16 and '20. Cheapskate need to pay up, lol.",MK5,75,2024-01-13 16:28:30,soros,0.8,Free_Swimming
democrats,"New George Soros-backed, Democratic PAC aims to turn Texas blue",417,Uh oh! This might trigger the right! George Soros seems to be blamed for everything by them! I always hear my parents talk about this guy like he is behind shady shit all the time. He‚Äôs just a scapegoat for the cultists.,EatYerEars,4,2024-01-13 16:28:30,soros,-0.10089285714285716,Free_Swimming
democrats,"New George Soros-backed, Democratic PAC aims to turn Texas blue",417,"Hey me too!

The irony is that the ‚ÄúRepublican‚Äù NGOs do what the right says Soros does. 

If the Dems were half as conniving as the Republicans said they were, the Dems would pay people to move to NC, Utah, and some other smaller state population to lock down the Senate and EC guaranteed.",atlvernburn,10,2024-01-13 16:28:30,soros,-0.03230158730158731,MK5
democrats,"New George Soros-backed, Democratic PAC aims to turn Texas blue",417,"According to the one guy on my Facebook, Soros still owes me for trading my soul to his Satanic cult",darkrhyes,3,2024-01-13 16:28:30,soros,0.0,MK5
democrats,"New George Soros-backed, Democratic PAC aims to turn Texas blue",417,Who knew that George Soros was George Santos all along this time...,KathyJaneway,3,2024-01-13 16:28:30,soros,0.0,mo_whiskey
democrats,"New George Soros-backed, Democratic PAC aims to turn Texas blue",417,">The irony is that the ‚ÄúRepublican‚Äù NGOs do what the right says Soros does. 

Every accusation is a confession",thabe331,4,2024-01-13 16:28:30,soros,0.2857142857142857,atlvernburn
democrats,"Scott Bessent, Trump's pick for Treasury Secretary, previously worked at Soros Fund Management. Later, he received a $2 billion investment from Soros to launch his own fund, Key Square Group. You can't make this stuff up LOL",88,"The ""Soros"" thing is literally just the Republicans trying to create a ""liberal"" counterpart to the criticism of the Koch Brothers while also pandering to antisemites. They don't *actually* believe the shit they yell about him.",Voltage_Z,2,2025-02-27 22:38:54,soros,-0.1,ThahZombyWoof
democrats,"Scott Bessent, Trump's pick for Treasury Secretary, previously worked at Soros Fund Management. Later, he received a $2 billion investment from Soros to launch his own fund, Key Square Group. You can't make this stuff up LOL",88,Key Square returned Soros' investment in 2018.  Which seems smart for Soros since Key Square has lost something line 90% of its assets over the years,ctmred,1,2025-02-27 22:38:54,soros,0.07142857142857142,ThahZombyWoof
democrats,Warning ,2081,"Robert Reich is a part of the previous oligarchy (Obama's economic advisor, Clinton's secretary of Labor, worked for both Jimmy Carter and Gerald Ford)

he's just scared of being replaced by DOGE

of course he'd project his own fears onto others.

With Taylor Swift, Bill Gates, Reid Hoffman, George Soros and Co, are we going to start tallying up who has more billionaires?",usr_pls,2,2024-10-07 12:12:06,soros,0.2833333333333333,thetruth3055
democrats,Warning ,2081,Whoever made up this list must be one of the billionaire private prison owners who hates Soros for trying to make sure innocent people aren‚Äôt kept in prison just to line the prison owner‚Äôs pockets.,429XY,1,2024-10-07 12:12:06,soros,0.3333333333333333,Resident_Bid_2914
democrats,"Biden pardons Fauci, Jan. 6 committee ahead of Trump inauguration",1320,I guess Fauci got one more inoculation.¬†,FalaciousTroll,8,2025-01-20 07:37:24,fauci,0.5,Forward-Form9321
democrats,"Biden pardons Fauci, Jan. 6 committee ahead of Trump inauguration",1320,I have a serious question - Doesn't a pardon require identifying a crime? Does the public have access to the text of the pardon? I imagine it was well crafted to be clear these people were doing their jobs and the pardon is so (insulting words redacted) can't come after them. Fauci? An effing hero. Saved countless lives.,joetaxpayer,1,2025-01-20 07:37:24,fauci,-0.2888888888888889,Forward-Form9321
democrats,"Biden pardons Fauci, Jan. 6 committee ahead of Trump inauguration",1320,"Pardon or not, if I was Fauci I would have left the country already. They will still come for him to feed the rabid cultists.",Pxlfreaky,1,2025-01-20 07:37:24,fauci,0.0,Forward-Form9321
democrats,"Biden pardons Fauci, Jan. 6 committee ahead of Trump inauguration",1320,"Trump was sayin that Biden's pardons are equivalent to an admission of guilt; like according to Trump's logic, if the Jan 6 committee and Fauci didn't do anything wrong, they wouldn't need to be pardoned. But honestly, Trump is all about retribution, and anyone who isn't a brainwashed MAGA zombie know it. Hell, I bet even the Magats know it too.

Biden was simply trying to cover people's asses.",LoudCrickets72,1,2025-01-20 07:37:24,fauci,0.033333333333333326,Forward-Form9321
democrats,Who is this guy behind Fauci making faces when Fauci talked about deaths against his family? ,825,"That seems ultra-sick that someone would be making faces, and laughing when Fauci talked about death threats against him and his family, and requiring secret service protection.",retrorays,110,2024-06-03 20:24:41,fauci,-0.4,retrorays
democrats,Who is this guy behind Fauci making faces when Fauci talked about deaths against his family? ,825,The bald guy on the left is also dangerous. There is video of him saying he will prosecute the ‚Äúdeep state‚Äù to the full extent of treason along with other threats.,chaos_m3thod,48,2024-06-03 20:24:41,fauci,-0.075,retrorays
democrats,Who is this guy behind Fauci making faces when Fauci talked about deaths against his family? ,825,And the bald guy over Fauci's right shoulder is another conspiracy. These people were definitely invited by someone and purposely placed there.,Durhamfarmhouse,31,2024-06-03 20:24:41,fauci,0.14285714285714285,retrorays
democrats,Who is this guy behind Fauci making faces when Fauci talked about deaths against his family? ,825,"Tizzy did a video about this, the bald headed guy on his right shoulder is Ivan Raiklin - someone who posted a public video about having a deep state hit list. Fauci is explaining the types of threats he and his family have received and dude is mocking him - while being an individual that has threatened him.",Budget-Yellow6041,11,2024-06-03 20:24:41,fauci,0.07142857142857142,retrorays
democrats,Who is this guy behind Fauci making faces when Fauci talked about deaths against his family? ,825,Head on over to r/conservativeterrorism - he and the guy on Fauci‚Äôs right are known insurrectionists,Denim_Diva1969,6,2024-06-03 20:24:41,fauci,0.2857142857142857,retrorays
democrats,Who is this guy behind Fauci making faces when Fauci talked about deaths against his family? ,825,"> Who is this guy behind Fauci making faces when Fauci talked about deaths against his family?

Someone who needs a beatin'.",Simple_Barry,5,2024-06-03 20:24:41,fauci,-0.4,retrorays
democrats,Who is this guy behind Fauci making faces when Fauci talked about deaths against his family? ,825,"> J6 defendant Brandon Fellows, who was recently released from prison and is still on probation, was removed from today‚Äôs House hearing after mocking Dr. Fauci while he described death threats received by his daughter.

https://www.threads.net/@ronaldfilipkowski/post/C7xArI9vkdW

> J6 Convict Removed from Fauci Hearing
> Brandon Fellows had to be removed from the hearing.
> Ron FilipkowskiUpdated:9 hours agoOriginal:9 hours ago
> J6 defendant Brandon Fellows had to be removed from the House Committee hearing today where Dr. Anthony Fauci was called to testify. 
> 
> A number of J6ers were in attendance at the hearing, including Michael Flynn associate Ivan Raiklin who sat right behind Fauci with Fellows so they could mug for the cameras while attempting to mock him. Raiklin waited for Fauci to arrive this morning, and followed him down the hallway yelling conspiracies at him while accusing him of mass murder.
> 
> As Fauci was describing the credible death threats against himself and his family, he choked up when mentioning his daughters, while Raiklin and Fellows made faces behind him. (Raiklin on left, Fellows on right).
> 
> Fellows was then finally removed from the hearing, and on his way out the door he yelled that Fauci should be in prison.
> 
> Fellows was sentenced on February 27, 2024 to 42 months in prison for his role in J6. After breaking into the Capitol, Fellows sat at Senator Jeff Merkley's desk and smoked marijuana in his office while putting his feet up on the desk. 
> 
> At his sentencing hearing, 5 additional months in prison was added to his sentence for contempt of court after he yelled at the jury foreman during the reading of his guilty verdict and called it a ""modern-day Nazi court."" He had three years of credit for the time he spent in prison so he was recently released. Fellows is still on three years of probation though, and today's conduct could possibly result in his probation being violated with a return to prison for the insurrectionist. 
> 
> Fellows represented himself at trial, and at sentencing Judge McFadden said he ""made a mockery of this trial,"" showed ""the height of contempt,"" and ""flagrantly lied"" during his testimony. McFadden's parting words to Fellows were, ""I hope you grow up.""
> 
> Obviously, that hope was in vain.

https://meidasnews.com/news/j6-convict-removed-from-fauci-hearing",-Why-Not-This-Name-,6,2024-06-03 20:24:41,fauci,-0.041723356009070296,retrorays
democrats,Who is this guy behind Fauci making faces when Fauci talked about deaths against his family? ,825,He‚Äôs a Qanon dipshit,dungeoncrawler2,6,2024-06-03 20:24:41,fauci,0.0,retrorays
democrats,Who is this guy behind Fauci making faces when Fauci talked about deaths against his family? ,825,Wtf is the point of these hearings? If Fauci committed a crime that there is evidence for let's charge him and convict him. If he didn't let's drop it.,boardgamejoe,2,2024-06-03 20:24:41,fauci,-0.5,retrorays
democrats,Who is this guy behind Fauci making faces when Fauci talked about deaths against his family? ,825,"The disgusting republicans staged this you fucking punk behind Dr Fauci to what? oh, prove how fucked up maggot cult members are. He would shit himself if he were threatened as Dr Fauci and his family has.",QAZ1974,2,2024-06-03 20:24:41,fauci,-0.56,retrorays
democrats,Who is this guy behind Fauci making faces when Fauci talked about deaths against his family? ,825,Fauci is Brooklyn tough. That pussy face wouldn‚Äôt last a night in Brooklyn.,Better_Car_8141,2,2024-06-03 20:24:41,fauci,-0.19444444444444445,retrorays
democrats,Who is this guy behind Fauci making faces when Fauci talked about deaths against his family? ,825,And where does he live. Let‚Äôs see if he pouts when he receives what Dr. Fauci does,GREGORIOtheLION,1,2024-06-03 20:24:41,fauci,0.13636363636363635,retrorays
democrats,Who is this guy behind Fauci making faces when Fauci talked about deaths against his family? ,825,"He also got [thrown out](https://meidasnews.com/news/j6-convict-removed-from-fauci-hearing) of the room here shortly after this. Some folks are hoping it counts as violating his parole even. The real question was how was he, and another J6er, able to get front row seats behind Fauci. There is fuckery afoot‚Ä¶",EggfooDC,230,2024-06-03 20:24:41,fauci,0.07499999999999998,Montucky4061
democrats,Who is this guy behind Fauci making faces when Fauci talked about deaths against his family? ,825,"Then he needs to have community supervision revoked.  He just threw away a gift.  

It shouldn't be difficult to find out who his community/parole/probation supervisor is and demand felon Fellows serve the rest of his sentence in prison.  He's obviously a potential danger if he can go on public television and act like this.  

I wouldn't put it past him to be one of the people who is threatening Dr. Fauci.",Cautious-Thought362,24,2024-06-03 20:24:41,fauci,-0.1875,Luckygecko1
democrats,Who is this guy behind Fauci making faces when Fauci talked about deaths against his family? ,825,[They did kick him out!](https://meidasnews.com/news/j6-convict-removed-from-fauci-hearing),TheEverNow,5,2024-06-03 20:24:41,fauci,0.0,TheEverNow
democrats,Trump has pulled Dr. Fauci's security detail after President Biden pardoned him,427,"So freeing his flying insurrection monkeys then trying to get Fauci killed all within the space of one week. 
Kremlin phone lines must be lava hot if that thug is throwing out so many smoke bombs.",What_if_I_fly,10,2025-01-24 13:21:26,fauci,0.18333333333333335,Healthy_Block3036
democrats,Trump has pulled Dr. Fauci's security detail after President Biden pardoned him,427,Would Trump pardon a January 6 rioter that attacks Fauci?,PengJiLiuAn,5,2025-01-24 13:21:26,fauci,0.0,Healthy_Block3036
democrats,Trump has pulled Dr. Fauci's security detail after President Biden pardoned him,427,And I hope that Fauci has the funds to hire his own security detail. Trump is clearly hoping he gets killed,EarthBelcher,4,2025-01-24 13:21:26,fauci,0.16666666666666666,Healthy_Block3036
democrats,Trump has pulled Dr. Fauci's security detail after President Biden pardoned him,427,I‚Äôm sure Fauci wouldn‚Äôt work with that malignancy anyway,Princesshari,6,2025-01-24 13:21:26,fauci,0.5,Healthy_Block3036
democrats,Trump has pulled Dr. Fauci's security detail after President Biden pardoned him,427,"As bad as this sounds, this is probably safer for Fauci because he has hired his own security that hopefully isn‚Äôt compromised.",Nolimitz30,1,2025-01-24 13:21:26,fauci,-0.04999999999999993,Healthy_Block3036
democrats,Trump has pulled Dr. Fauci's security detail after President Biden pardoned him,427,Rand Paul is fucking obsessed with Dr Fauci; has been since the pandemic began. He‚Äôs currently stoking the flames on Twitter right now. He‚Äôs disgusting.,sardita,24,2025-01-24 13:21:26,fauci,-0.3035714285714286,Anonymouse_Bosch
democrats,Trump has pulled Dr. Fauci's security detail after President Biden pardoned him,427,"Why?  Just because the Velveeta Voldemort just pardoned the January 6 Death Eaters?  Would they go after Fauci just because their chosen God has directed them to do that?   

Yes.  Yes, they would.",greed-man,6,2025-01-24 13:21:26,fauci,0.0,Anonymouse_Bosch
democrats,Trump has pulled Dr. Fauci's security detail after President Biden pardoned him,427,"Bro this is the craziest shit I've read. He is not that smart. He's a vindictive piece of shit, that's all this is. He's silencing HHS because he's mad about covid. He pulled fauci's security because he's mad about covid. He withdrew from WHO because he's mad about covid. That's the beginning and end of what it's about. He wants all of government to be personally accountable to his whim. No career civil servants, no scientists or experts, just political stooges who will do whatever he asks because the last time, when he didn't have that, he was proven to be a blundering fool",snazztasticmatt,4,2025-01-24 13:21:26,fauci,-0.1860714285714286,Ayste
democrats,Trump has pulled Dr. Fauci's security detail after President Biden pardoned him,427,"Well, OK, but if some rando walks up to Dr. Fauci and shoots him on the street in Brooklyn, Eric Gonzalez is still gonna prosecute them.

Although Trump made it easier to do the assassination.",AmbulanceChaser12,4,2025-01-24 13:21:26,fauci,0.5,falkster
democrats,Trump has pulled Dr. Fauci's security detail after President Biden pardoned him,427,"Many of the Americans who bothered to vote did NOT vote for him. Also, he has already admitted to election fraud.",Mental-Paramedic9790,1,2025-01-24 13:21:26,fauci,0.5,HabitantDLT
democrats,Trump has pulled Dr. Fauci's security detail after President Biden pardoned him,427,"After that Rando shoots Fauci, Trump couldn't care less what happens to him.   Shoot him on the spot, or give him a parade.  He wouldn't give that guy a second thought.",greed-man,1,2025-01-24 13:21:26,fauci,-0.13888888888888887,AmbulanceChaser12
democrats,Trump has pulled Dr. Fauci's security detail after President Biden pardoned him,427,Gullible enough to be lead around by the P25 cabal,TwoGimpyFeet69,5,2025-01-24 13:21:26,fauci,0.0,Princesshari
democrats,Douchebag mocks Fauci as he describes the threats against his family,574,"He is a J6 felon. He is a total joke. The guy on the other side is a Qanon nut joke that has a ""kill list"" that I'm sure Dr. Fauci is on. The funny thing is those people have to be invited to get those seats!",redditguy422,71,2024-06-03 19:17:31,fauci,0.171875,iReddyOrNot
democrats,Douchebag mocks Fauci as he describes the threats against his family,574,The fuck is there even a hearing for?? You'd figured those morons would have something better to do than sitting around bitching at Fauci all day,FickleSystem,44,2024-06-03 19:17:31,fauci,-0.2333333333333334,iReddyOrNot
democrats,Douchebag mocks Fauci as he describes the threats against his family,574,"I feel so sorry for Dr. Fauci because he was treated so badly by #45, his administration, and his cult during the pandemic.  Obviously Dr. Fauci is still a target of the cult.",Intelligent_Pen_9361,21,2024-06-03 19:17:31,fauci,-0.3999999999999999,iReddyOrNot
democrats,Douchebag mocks Fauci as he describes the threats against his family,574,If you watch any video of this you'll see a bald guy on the left of Fauci who is Flyn Org terrorist and Russian asset Ivan Raiklin. How the fuck did these losers get clearance to be there and why do I feel like Marge had something to do with it.,aheal2008,23,2024-06-03 19:17:31,fauci,-0.15000000000000002,iReddyOrNot
democrats,Douchebag mocks Fauci as he describes the threats against his family,574,"this asshole  
https://www.msn.com/en-us/news/crime/j6-convict-removed-from-fauci-hearing/ar-BB1nyHoE",ms_directed,13,2024-06-03 19:17:31,fauci,0.0,iReddyOrNot
democrats,Douchebag mocks Fauci as he describes the threats against his family,574,I‚Äôm literally still on fire after seeing what BBBBB said to ‚ÄúMister‚Äù Fauci.,Ok-Stress-3570,8,2024-06-03 19:17:31,fauci,0.0,iReddyOrNot
democrats,Douchebag mocks Fauci as he describes the threats against his family,574,"I found this... they kicked his ass out!  But still can't find which MAGA member invited them.

[J6 Convict Removed from Fauci Hearing - MeidasTouch News (meidasnews.com)](https://meidasnews.com/news/j6-convict-removed-from-fauci-hearing)",Tiny_Structure_7,253,2024-06-03 19:17:31,fauci,0.0,DotAccomplished5484
democrats,Douchebag mocks Fauci as he describes the threats against his family,574,"A violent J6 insurrectionist convicted felon was given a *saved seat* by ‚Äúsomeone in Congress‚Äù to sit directly behind Dr. Fauci who has received many death threats.   

In today‚Äôs Republican Party, John Wilks Booth wouldn‚Äôt have had to hide behind a curtain, MTG would have given him a seat in President Lincoln‚Äôs balcony theater seat!",Altruistic-Text3481,1,2024-06-03 19:17:31,fauci,-0.30000000000000004,Tiny_Structure_7
democrats,Douchebag mocks Fauci as he describes the threats against his family,574,Seems like a direct threat towards Dr. Fauci to me.,Altruistic-Text3481,2,2024-06-03 19:17:31,fauci,0.1,Plus-Bluejay-2024
democrats,Douchebag mocks Fauci as he describes the threats against his family,574,"https://meidasnews.com/news/j6-convict-removed-from-fauci-hearing

Time will tell.  I know they have to balance his 1st admendemt right, too.",Luckygecko1,6,2024-06-03 19:17:31,fauci,0.2857142857142857,Francie_Nolan1964
democrats,"Elon Musk takes aim at top immunologist with ""prosecute/Fauci"" jibe",321,"Seriously don't know what these dipshits think Fauci even did that's criminal. Nor do I necessarily want to know, because I do know it's something incredibly stupid.

Also with all that money you'd think Musk could afford to buy a second joke.",Guinnessmonkey2,46,2022-12-11 12:30:16,fauci,-0.30666666666666664,JimCripe
democrats,"Elon Musk takes aim at top immunologist with ""prosecute/Fauci"" jibe",321,So a fascist South African billionaire is calling for the persecution of an American hero like Doctor Fauci.   We need to stop this monster,rhino910,51,2022-12-11 12:30:16,fauci,0.0,JimCripe
democrats,"Elon Musk takes aim at top immunologist with ""prosecute/Fauci"" jibe",321,"The ‚Äúcommunity note‚Äù on the tweet is openly calling to execute Fauci in a public hanging.

This man is actively fomenting violence.",Sangy101,11,2022-12-11 12:30:16,fauci,-0.044444444444444446,JimCripe
democrats,"Elon Musk takes aim at top immunologist with ""prosecute/Fauci"" jibe",321,Im not from the US. I dont understand how people can hate Fauci so much. Dudes just a doctor/health Advisor right? Leave the poor guy alone,nikmaier42069,3,2022-12-11 12:30:16,fauci,-0.1785714285714286,JimCripe
democrats,"Elon Musk takes aim at top immunologist with ""prosecute/Fauci"" jibe",321,Fauci does suck though,wizards4,0,2022-12-11 12:30:16,fauci,0.0,JimCripe
democrats,"Elon Musk takes aim at top immunologist with ""prosecute/Fauci"" jibe",321,"And all deeply, deeply stupid.

When did he ""demand"" anything? He was a presidential advisor. The whole thing with Fauci seems to be Trumper dipshits trying to deal mentally with the fact that all this happened under Trump.

""Certainly the king isn't to blame. It must be his villainous advisors and ministers. The king must not know what they're doing in his name.""",Guinnessmonkey2,13,2022-12-11 12:30:16,fauci,-0.12142857142857139,XHIBAD
democrats,The FBI Informant at the Heart of Republicans‚Äô ‚ÄúBiden Crime Family‚Äù Obsessions Was Arrested for Lying About Everything. Oops.,527,And the conspiracists will just call it a deep state action to cover up the ‚Äútruth.‚Äù,Worldly-Corgi-1624,12,2024-02-18 08:53:29,biden crime family,0.05,UnusualAir1
